{
  "heart": {
    "best": "LogisticRegression",
    "models": {
      "LogisticRegression": {
        "accuracy": 0.9166666666666666,
        "precision": 1.0,
        "recall": 0.8214285714285714,
        "f1": 0.9019607843137255,
        "roc_auc": 0.953125,
        "cv_f1_mean": 0.811920088790233,
        "cv_f1_std": 0.04110710938463389
      },
      "DecisionTree": {
        "accuracy": 0.8,
        "precision": 0.8333333333333334,
        "recall": 0.7142857142857143,
        "f1": 0.7692307692307693,
        "roc_auc": 0.7946428571428571,
        "cv_f1_mean": 0.7319416430941577,
        "cv_f1_std": 0.06070791221887405
      },
      "RandomForest": {
        "accuracy": 0.8666666666666667,
        "precision": 0.9545454545454546,
        "recall": 0.75,
        "f1": 0.84,
        "roc_auc": 0.9475446428571428,
        "cv_f1_mean": 0.806356203136389,
        "cv_f1_std": 0.05678873925576472
      },
      "SVM_RBF": {
        "accuracy": 0.9,
        "precision": 1.0,
        "recall": 0.7857142857142857,
        "f1": 0.88,
        "roc_auc": 0.9408482142857143,
        "cv_f1_mean": 0.8041552876593308,
        "cv_f1_std": 0.06505513013667387
      },
      "KNN": {
        "accuracy": 0.8833333333333333,
        "precision": 1.0,
        "recall": 0.75,
        "f1": 0.8571428571428571,
        "roc_auc": 0.96484375,
        "cv_f1_mean": 0.8006030869557611,
        "cv_f1_std": 0.05976478399660019
      },
      "GradientBoosting": {
        "accuracy": 0.8666666666666667,
        "precision": 0.9166666666666666,
        "recall": 0.7857142857142857,
        "f1": 0.8461538461538461,
        "roc_auc": 0.9263392857142857,
        "cv_f1_mean": 0.7613149595502536,
        "cv_f1_std": 0.055335765693625506
      }
    }
  }
}